week_start_date,total_cases,denv1_cases,denv2_cases,denv3_cases,denv4_cases,other_positive_cases,additional_cases
1990-04-30,4,0,0,0,0,4,0
1990-05-07,5,0,0,0,0,5,0
1990-05-14,4,0,0,0,0,4,0
1990-05-21,3,0,0,0,0,3,0
1990-05-28,6,0,0,0,0,6,0
1990-06-04,2,1,0,0,0,1,0
1990-06-11,4,0,0,0,0,4,0
1990-06-18,5,0,0,0,0,5,0
1990-06-25,10,2,0,0,0,8,0
1990-07-02,6,0,0,0,1,5,0
1990-07-09,8,0,0,0,0,8,0
1990-07-16,2,0,0,0,0,2,0
1990-07-23,6,0,2,0,0,4,0
1990-07-30,17,0,1,0,1,15,0
1990-08-06,23,1,1,0,0,21,0
1990-08-13,13,0,1,0,1,11,0
1990-08-20,21,0,0,0,1,20,0
1990-08-27,28,0,3,0,0,25,0
1990-09-03,24,1,2,0,3,18,0
1990-09-10,20,0,1,0,0,19,0
1990-09-17,40,0,4,0,0,36,0
1990-09-24,27,0,1,0,1,25,0
1990-10-01,42,0,3,0,4,35,0
1990-10-08,33,0,2,0,0,31,0
1990-10-15,43,0,3,0,0,40,0
1990-10-22,37,1,2,0,1,33,0
1990-10-29,57,0,4,0,1,52,0
1990-11-05,71,0,1,0,3,67,0
1990-11-12,44,0,0,0,1,43,0
1990-11-19,56,0,0,0,0,56,0
1990-11-26,53,0,0,0,3,49,1
1990-12-03,52,2,2,0,1,47,0
1990-12-10,47,1,3,0,5,38,0
1990-12-17,26,0,3,0,1,22,0
1990-12-24,27,0,2,0,0,25,0
1991-01-01,21,0,2,0,1,18,0
1991-01-08,21,0,1,0,3,17,0
1991-01-15,26,0,0,0,1,25,0
1991-01-22,34,0,0,0,0,34,0
1991-01-29,37,0,3,0,0,34,0
1991-02-05,17,0,0,0,2,15,0
1991-02-12,19,1,1,0,0,17,0
1991-02-19,25,1,3,0,0,21,0
1991-02-26,18,0,0,0,1,17,0
1991-03-05,21,1,1,0,1,18,0
1991-03-12,17,0,0,0,0,17,0
1991-03-19,17,0,0,0,0,17,0
1991-03-26,16,1,2,0,1,12,0
1991-04-02,16,0,2,0,1,13,0
1991-04-09,15,0,0,0,1,14,0
1991-04-16,23,1,0,0,0,22,0
1991-04-23,16,0,2,0,0,14,0
1991-04-30,17,0,1,0,0,16,0
1991-05-07,12,0,0,0,0,12,0
1991-05-14,17,1,2,0,0,14,0
1991-05-21,10,0,2,0,0,8,0
1991-05-28,15,0,1,0,0,14,0
1991-06-04,19,2,1,0,1,15,0
1991-06-11,21,0,2,0,4,15,0
1991-06-18,14,0,2,0,2,10,0
1991-06-25,18,4,0,0,1,13,0
1991-07-02,13,0,0,0,4,9,0
1991-07-09,14,0,0,0,1,13,0
1991-07-16,18,0,0,0,0,17,1
1991-07-23,23,0,0,0,0,23,0
1991-07-30,25,0,1,0,1,23,0
1991-08-06,62,8,3,0,1,50,0
1991-08-13,60,3,4,0,0,53,0
1991-08-20,76,6,9,0,1,60,0
1991-08-27,66,7,0,0,4,55,0
1991-09-03,64,5,4,0,0,55,0
1991-09-10,68,1,2,0,2,63,0
1991-09-17,89,1,2,0,0,86,0
1991-09-24,92,7,6,0,1,78,0
1991-10-01,140,1,8,0,2,129,0
1991-10-08,116,0,4,0,0,110,2
1991-10-15,142,7,4,0,4,127,0
1991-10-22,129,14,3,0,2,108,2
1991-10-29,140,6,3,0,4,126,1
1991-11-05,140,10,1,0,3,126,0
1991-11-12,127,5,6,0,5,111,0
1991-11-19,129,8,5,0,4,111,1
1991-11-26,169,11,3,0,6,148,1
1991-12-03,141,3,3,0,3,131,1
1991-12-10,108,4,5,0,4,95,0
1991-12-17,78,1,2,0,2,69,4
1991-12-24,70,0,1,0,3,64,2
1992-01-01,81,0,1,0,1,63,16
1992-01-08,104,2,2,0,5,89,6
1992-01-15,90,4,2,0,1,79,4
1992-01-22,85,1,1,0,0,83,0
1992-01-29,55,0,0,0,2,51,2
1992-02-05,53,0,0,0,3,43,7
1992-02-12,65,2,2,0,1,54,6
1992-02-19,33,1,0,0,1,31,0
1992-02-26,38,3,2,0,1,32,0
1992-03-04,59,5,1,0,1,52,0
1992-03-11,40,3,1,0,3,33,0
1992-03-18,37,1,0,0,0,36,0
1992-03-25,29,2,0,0,1,26,0
1992-04-01,30,2,0,0,0,28,0
1992-04-08,30,1,2,0,0,27,0
1992-04-15,28,1,0,0,0,27,0
1992-04-22,23,2,0,0,0,21,0
1992-04-29,24,0,0,0,1,23,0
1992-05-06,29,2,2,0,0,25,0
1992-05-13,26,3,1,0,0,22,0
1992-05-20,23,1,0,0,1,21,0
1992-05-27,20,4,0,0,0,16,0
1992-06-03,19,0,0,0,0,19,0
1992-06-10,20,1,0,0,0,19,0
1992-06-17,26,3,0,0,2,21,0
1992-06-24,29,0,0,0,2,27,0
1992-07-01,31,2,0,0,1,28,0
1992-07-08,28,0,0,0,0,28,0
1992-07-15,26,0,0,0,0,26,0
1992-07-22,32,3,1,0,1,27,0
1992-07-29,35,2,3,0,3,25,2
1992-08-05,33,4,2,0,1,22,4
1992-08-12,30,2,0,0,1,21,6
1992-08-19,52,9,4,0,2,24,13
1992-08-26,59,7,5,0,0,34,13
1992-09-02,67,11,2,0,1,33,20
1992-09-09,65,8,2,0,4,37,14
1992-09-16,74,4,1,0,1,45,23
1992-09-23,70,6,4,0,0,40,20
1992-09-30,61,9,4,0,1,29,18
1992-10-07,53,4,2,0,1,31,15
1992-10-14,76,2,1,0,0,44,29
1992-10-21,61,0,1,0,0,27,33
1992-10-28,57,3,0,0,1,31,22
1992-11-04,44,7,2,0,0,22,13
1992-11-11,34,0,1,0,1,19,13
1992-11-18,47,0,1,0,0,23,23
1992-11-25,60,0,0,0,0,35,25
1992-12-02,60,0,0,0,1,35,24
1992-12-09,53,1,0,0,0,28,24
1992-12-16,36,0,1,0,1,22,12
1992-12-23,31,1,1,0,0,23,6
1993-01-01,30,3,0,0,0,23,4
1993-01-08,32,0,0,0,1,26,5
1993-01-15,28,0,1,0,0,27,0
1993-01-22,33,0,2,0,0,28,3
1993-01-29,33,4,3,0,0,24,2
1993-02-05,35,2,0,0,0,33,0
1993-02-12,22,0,0,0,1,21,0
1993-02-19,13,1,0,0,0,12,0
1993-02-26,13,2,0,0,0,11,0
1993-03-05,21,0,1,0,0,20,0
1993-03-12,17,2,1,0,0,14,0
1993-03-19,11,0,1,0,0,10,0
1993-03-26,8,2,0,0,0,6,0
1993-04-02,8,0,0,0,0,8,0
1993-04-09,6,0,0,0,1,5,0
1993-04-16,6,0,1,0,0,5,0
1993-04-23,7,1,0,0,0,6,0
1993-04-30,12,1,1,0,0,10,0
1993-05-07,17,1,1,0,0,15,0
1993-05-14,10,0,0,0,0,10,0
1993-05-21,10,0,0,0,1,9,0
1993-05-28,18,0,0,0,0,18,0
1993-06-04,19,0,0,0,0,18,1
1993-06-11,12,0,0,0,0,12,0
1993-06-18,22,0,2,0,0,18,2
1993-06-25,12,4,1,0,0,7,0
1993-07-02,21,0,1,0,0,20,0
1993-07-09,18,1,1,0,0,16,0
1993-07-16,16,0,3,0,1,12,0
1993-07-23,16,1,0,0,0,15,0
1993-07-30,22,2,1,0,1,18,0
1993-08-06,17,0,1,0,0,16,0
1993-08-13,25,1,1,0,1,22,0
1993-08-20,23,0,2,0,2,18,1
1993-08-27,12,1,1,0,1,9,0
1993-09-03,25,2,2,0,1,19,1
1993-09-10,28,0,1,0,0,27,0
1993-09-17,27,3,2,0,2,20,0
1993-09-24,18,1,1,0,0,16,0
1993-10-01,23,1,1,0,0,21,0
1993-10-08,23,1,3,0,0,18,1
1993-10-15,29,1,2,0,0,26,0
1993-10-22,38,4,6,0,0,27,1
1993-10-29,36,2,3,0,2,28,1
1993-11-05,43,6,7,0,3,27,0
1993-11-12,46,5,5,0,0,34,2
1993-11-19,31,6,5,0,0,18,2
1993-11-26,25,2,5,0,0,18,0
1993-12-03,40,7,4,0,2,22,5
1993-12-10,31,2,3,0,1,20,5
1993-12-17,38,1,2,0,0,32,3
1993-12-24,30,5,7,0,1,17,0
1994-01-01,22,2,3,0,0,17,0
1994-01-08,31,2,5,0,0,24,0
1994-01-15,26,3,4,0,0,19,0
1994-01-22,35,4,5,0,1,23,2
1994-01-29,36,3,9,0,1,21,2
1994-02-05,39,4,7,0,2,24,2
1994-02-12,25,6,5,0,1,13,0
1994-02-19,31,1,2,0,1,27,0
1994-02-26,37,3,5,0,2,27,0
1994-03-05,33,6,3,0,1,23,0
1994-03-12,25,4,3,0,1,17,0
1994-03-19,24,4,4,0,2,14,0
1994-03-26,18,0,1,0,0,17,0
1994-04-02,23,0,4,0,0,19,0
1994-04-09,13,0,2,0,0,11,0
1994-04-16,18,2,1,0,0,15,0
1994-04-23,14,1,3,0,0,10,0
1994-04-30,17,2,1,0,1,13,0
1994-05-07,22,2,4,0,0,16,0
1994-05-14,13,2,0,0,0,11,0
1994-05-21,24,2,3,0,2,17,0
1994-05-28,31,2,7,0,0,22,0
1994-06-04,34,3,5,0,2,23,1
1994-06-11,31,3,4,0,2,22,0
1994-06-18,31,4,2,0,3,21,1
1994-06-25,38,1,7,0,5,23,2
1994-07-02,49,2,4,0,2,40,1
1994-07-09,42,1,6,0,0,28,7
1994-07-16,49,0,7,0,2,33,7
1994-07-23,55,1,8,0,6,34,6
1994-07-30,80,4,18,0,1,46,11
1994-08-06,84,0,14,0,8,51,11
1994-08-13,72,3,10,0,3,49,7
1994-08-20,89,4,12,0,0,65,8
1994-08-27,115,2,12,0,3,64,34
1994-09-03,179,6,10,0,4,91,68
1994-09-10,202,1,14,0,3,59,125
1994-09-17,272,2,6,0,3,96,165
1994-09-24,302,9,14,0,6,90,183
1994-10-01,395,0,12,0,2,120,261
1994-10-08,426,2,24,0,7,137,256
1994-10-15,461,3,16,0,4,148,290
1994-10-22,381,6,13,0,1,111,250
1994-10-29,333,2,10,0,3,82,236
1994-11-05,353,2,12,0,1,73,265
1994-11-12,410,3,5,0,1,64,337
1994-11-19,364,2,1,0,1,114,246
1994-11-26,359,3,4,0,1,112,239
1994-12-03,288,2,8,0,6,78,194
1994-12-10,221,1,6,0,2,81,131
1994-12-17,149,4,9,0,0,48,88
1994-12-24,112,3,7,0,3,41,58
1995-01-01,154,3,6,0,1,65,79
1995-01-08,91,0,9,0,0,40,42
1995-01-15,72,1,3,0,2,51,15
1995-01-22,56,3,5,0,2,41,5
1995-01-29,46,5,2,0,3,26,10
1995-02-05,37,0,0,0,0,31,6
1995-02-12,26,0,0,0,1,20,5
1995-02-19,17,0,1,0,0,16,0
1995-02-26,17,0,0,0,1,15,1
1995-03-05,20,0,1,0,0,16,3
1995-03-12,11,1,0,0,0,10,0
1995-03-19,7,1,0,0,0,6,0
1995-03-26,16,2,0,0,1,13,0
1995-04-02,14,2,0,0,1,10,1
1995-04-09,16,1,3,0,1,11,0
1995-04-16,5,1,0,0,0,4,0
1995-04-23,2,0,0,0,0,2,0
1995-04-30,6,0,0,0,0,6,0
1995-05-07,5,0,1,0,0,4,0
1995-05-14,4,0,0,0,1,3,0
1995-05-21,3,0,0,0,0,3,0
1995-05-28,4,0,0,0,0,4,0
1995-06-04,16,2,1,0,1,12,0
1995-06-11,8,1,0,0,1,6,0
1995-06-18,7,0,0,0,0,6,1
1995-06-25,10,1,0,0,1,7,1
1995-07-02,14,1,0,0,0,11,2
1995-07-09,7,0,0,0,1,6,0
1995-07-16,9,1,1,0,1,5,1
1995-07-23,11,0,0,0,0,10,1
1995-07-30,23,1,4,0,0,15,3
1995-08-06,17,0,2,0,1,11,3
1995-08-13,19,0,0,0,1,17,1
1995-08-20,24,0,1,0,1,18,4
1995-08-27,17,0,1,0,0,13,3
1995-09-03,28,4,1,0,0,21,2
1995-09-10,40,1,2,0,5,30,2
1995-09-17,33,4,1,0,0,26,2
1995-09-24,31,2,3,0,1,21,4
1995-10-01,33,2,1,0,2,25,3
1995-10-08,29,2,1,0,0,26,0
1995-10-15,30,2,3,0,3,19,3
1995-10-22,36,1,1,0,1,27,6
1995-10-29,48,3,3,0,2,34,6
1995-11-05,40,0,0,0,2,28,10
1995-11-12,28,0,1,0,1,14,12
1995-11-19,36,0,1,0,1,28,6
1995-11-26,19,0,0,0,1,16,2
1995-12-03,34,0,0,0,0,18,16
1995-12-10,23,0,0,0,1,12,10
1995-12-17,17,0,0,0,1,13,3
1995-12-24,17,0,0,0,0,15,2
1996-01-01,23,0,1,0,1,20,1
1996-01-08,14,1,0,0,1,12,0
1996-01-15,20,2,0,0,0,18,0
1996-01-22,13,1,0,0,0,12,0
1996-01-29,23,0,1,0,0,20,2
1996-02-05,20,1,0,0,3,14,2
1996-02-12,16,0,0,0,0,16,0
1996-02-19,16,0,1,0,0,14,1
1996-02-26,23,2,0,0,0,19,2
1996-03-04,14,1,1,0,1,11,0
1996-03-11,15,0,0,0,1,10,4
1996-03-18,4,0,0,0,0,3,1
1996-03-25,5,0,1,0,0,4,0
1996-04-01,5,0,0,0,0,4,1
1996-04-08,11,2,1,0,1,4,3
1996-04-15,11,0,0,0,1,9,1
1996-04-22,7,2,0,0,0,4,1
1996-04-29,4,1,0,0,0,3,0
1996-05-06,6,0,0,0,1,5,0
1996-05-13,5,0,0,0,2,3,0
1996-05-20,2,0,0,0,0,2,0
1996-05-27,4,0,0,0,1,3,0
1996-06-03,2,0,0,0,0,2,0
1996-06-10,4,0,0,0,1,2,1
1996-06-17,6,3,1,0,0,2,0
1996-06-24,6,2,0,0,1,3,0
1996-07-01,4,0,1,0,2,0,1
1996-07-08,6,0,0,0,2,2,2
1996-07-15,11,1,2,0,1,5,2
1996-07-22,16,2,1,0,0,10,3
1996-07-29,9,1,0,0,2,5,1
1996-08-05,12,1,2,0,1,7,1
1996-08-12,13,1,2,0,0,7,3
1996-08-19,27,0,4,0,1,18,4
1996-08-26,21,1,0,0,2,13,5
1996-09-02,19,2,2,0,1,11,3
1996-09-09,17,1,1,0,0,13,2
1996-09-16,24,1,1,0,1,18,3
1996-09-23,27,2,0,0,1,16,8
1996-09-30,30,1,1,0,1,19,8
1996-10-07,29,0,1,0,1,21,6
1996-10-14,25,1,1,0,1,14,8
1996-10-21,35,0,0,0,2,23,10
1996-10-28,33,2,1,0,2,20,8
1996-11-04,30,1,3,0,0,21,5
1996-11-11,29,1,2,0,1,13,12
1996-11-18,31,3,0,0,3,15,10
1996-11-25,29,0,1,0,4,22,2
1996-12-02,22,0,4,0,4,11,3
1996-12-09,27,2,1,0,3,15,6
1996-12-16,24,1,1,0,3,15,4
1996-12-23,26,0,1,0,4,16,5
1997-01-01,29,2,1,0,1,19,6
1997-01-08,22,0,0,0,3,18,1
1997-01-15,33,0,0,0,2,26,5
1997-01-22,24,0,3,0,1,12,8
1997-01-29,30,0,2,0,0,19,9
1997-02-05,20,0,1,0,0,15,4
1997-02-12,17,2,1,0,0,9,5
1997-02-19,24,2,1,0,0,17,4
1997-02-26,28,0,1,0,4,16,7
1997-03-05,18,2,0,0,0,11,5
1997-03-12,13,0,0,0,1,9,3
1997-03-19,9,0,0,0,2,4,3
1997-03-26,14,0,0,0,1,12,1
1997-04-02,11,1,0,0,0,9,1
1997-04-09,11,0,0,0,0,10,1
1997-04-16,19,2,0,0,1,14,2
1997-04-23,10,0,0,0,1,9,0
1997-04-30,8,0,0,0,1,7,0
1997-05-07,8,0,0,0,1,7,0
1997-05-14,9,1,0,0,1,7,0
1997-05-21,3,0,0,0,0,3,0
1997-05-28,7,0,0,0,0,7,0
1997-06-04,14,0,0,0,0,11,3
1997-06-11,4,0,0,0,0,4,0
1997-06-18,9,1,0,0,1,4,3
1997-06-25,14,0,0,0,0,9,5
1997-07-02,7,0,0,0,1,4,2
1997-07-09,9,0,0,0,1,7,1
1997-07-16,3,0,0,0,0,2,1
1997-07-23,3,0,0,0,0,3,0
1997-07-30,14,2,0,0,2,8,2
1997-08-06,12,1,0,0,1,10,0
1997-08-13,10,0,0,0,0,10,0
1997-08-20,21,2,0,0,1,17,1
1997-08-27,26,1,0,0,2,21,2
1997-09-03,47,1,1,0,2,30,13
1997-09-10,42,3,1,0,5,25,8
1997-09-17,31,4,1,0,0,18,8
1997-09-24,34,1,2,0,0,19,12
1997-10-01,33,0,0,0,1,23,9
1997-10-08,52,0,0,0,9,33,10
1997-10-15,56,2,3,0,5,24,22
1997-10-22,70,4,0,0,8,38,20
1997-10-29,112,2,0,0,2,68,40
1997-11-05,70,0,0,0,0,35,35
1997-11-12,47,1,0,0,1,23,22
1997-11-19,48,2,1,0,3,34,8
1997-11-26,49,1,1,0,2,28,17
1997-12-03,66,0,0,0,1,31,34
1997-12-10,56,0,0,0,2,37,17
1997-12-17,61,0,0,0,1,34,26
1997-12-24,67,0,3,0,3,36,25
1998-01-01,64,0,2,1,1,39,21
1998-01-08,68,2,0,0,3,41,22
1998-01-15,49,3,0,0,4,28,14
1998-01-22,50,0,0,1,2,34,13
1998-01-29,56,1,0,0,2,42,11
1998-02-05,75,2,3,0,4,49,17
1998-02-12,63,2,1,0,4,37,19
1998-02-19,62,1,2,0,5,43,11
1998-02-26,41,3,0,0,1,31,6
1998-03-05,50,2,2,0,9,32,5
1998-03-12,34,2,1,0,4,24,3
1998-03-19,31,2,1,0,5,23,0
1998-03-26,38,4,2,0,4,23,5
1998-04-02,30,1,0,0,4,23,2
1998-04-09,32,0,0,0,5,24,3
1998-04-16,26,3,0,0,4,17,2
1998-04-23,30,2,1,1,7,18,1
1998-04-30,36,4,2,0,1,27,2
1998-05-07,35,2,0,0,7,24,2
1998-05-14,46,5,0,0,9,30,2
1998-05-21,48,1,4,0,6,33,4
1998-05-28,44,3,1,2,7,27,4
1998-06-04,51,5,1,0,9,33,3
1998-06-11,59,6,1,0,10,37,5
1998-06-18,71,1,3,2,4,51,10
1998-06-25,102,11,2,0,12,65,12
1998-07-02,128,3,1,0,3,87,34
1998-07-09,127,8,1,0,17,71,30
1998-07-16,150,11,5,0,8,63,63
1998-07-23,191,4,5,1,9,93,79
1998-07-30,256,2,3,5,9,119,118
1998-08-06,329,6,7,2,11,105,198
1998-08-13,263,8,3,2,15,70,165
1998-08-20,220,5,1,0,11,58,145
1998-08-27,204,7,4,2,12,58,121
1998-09-03,181,1,1,0,5,44,130
1998-09-10,99,0,0,2,0,19,78
1998-09-17,54,0,0,0,2,28,24
1998-09-24,80,2,1,5,4,27,41
1998-10-01,102,2,1,2,2,42,53
1998-10-08,127,6,1,1,4,49,66
1998-10-15,73,0,1,1,3,42,26
1998-10-22,68,1,1,4,4,40,18
1998-10-29,64,0,1,0,0,38,25
1998-11-05,55,2,1,2,1,25,24
1998-11-12,67,1,3,2,5,30,26
1998-11-19,84,1,3,3,2,43,32
1998-11-26,85,1,3,7,4,54,16
1998-12-03,67,1,4,1,0,37,24
1998-12-10,73,0,2,1,2,46,22
1998-12-17,89,1,3,3,0,50,32
1998-12-24,68,2,3,2,2,42,17
1999-01-01,59,4,5,10,3,26,11
1999-01-08,56,1,0,9,7,35,4
1999-01-15,77,2,8,8,3,43,13
1999-01-22,75,1,1,8,2,56,7
1999-01-29,47,1,2,3,1,33,7
1999-02-05,50,0,0,1,2,42,5
1999-02-12,42,0,1,1,1,36,3
1999-02-19,28,0,0,1,0,27,0
1999-02-26,37,0,0,3,1,30,3
1999-03-05,37,1,0,0,0,32,4
1999-03-12,27,1,0,3,0,23,0
1999-03-19,12,0,0,1,0,11,0
1999-03-26,15,0,0,1,0,14,0
1999-04-02,22,0,0,4,1,17,0
1999-04-09,8,0,0,0,1,7,0
1999-04-16,15,1,0,1,0,13,0
1999-04-23,17,0,0,2,0,15,0
1999-04-30,10,0,0,2,0,8,0
1999-05-07,9,0,0,1,0,8,0
1999-05-14,11,1,0,2,0,8,0
1999-05-21,20,0,0,0,1,19,0
1999-05-28,13,0,0,2,1,10,0
1999-06-04,11,0,0,0,1,10,0
1999-06-11,16,0,0,1,0,15,0
1999-06-18,11,0,0,1,0,10,0
1999-06-25,7,0,0,0,0,7,0
1999-07-02,17,0,1,4,0,12,0
1999-07-09,14,0,0,0,0,14,0
1999-07-16,13,0,1,1,0,11,0
1999-07-23,15,0,0,2,0,13,0
1999-07-30,30,0,5,3,0,22,0
1999-08-06,25,0,1,5,0,19,0
1999-08-13,40,1,1,2,0,36,0
1999-08-20,44,1,3,8,1,31,0
1999-08-27,25,0,0,4,1,20,0
1999-09-03,21,1,1,1,0,18,0
1999-09-10,48,1,4,9,1,33,0
1999-09-17,56,1,7,5,0,43,0
1999-09-24,60,2,1,5,0,52,0
1999-10-01,45,1,1,5,1,37,0
1999-10-08,55,1,1,3,1,49,0
1999-10-15,32,0,2,2,1,27,0
1999-10-22,46,1,3,4,0,38,0
1999-10-29,61,0,6,9,0,46,0
1999-11-05,42,1,2,6,0,33,0
1999-11-12,37,1,0,0,0,36,0
1999-11-19,43,0,1,6,0,36,0
1999-11-26,34,1,0,4,0,29,0
1999-12-03,40,0,3,4,0,33,0
1999-12-10,25,0,0,1,0,24,0
1999-12-17,16,1,3,2,0,10,0
1999-12-24,17,0,0,7,0,10,0
2000-01-01,17,0,0,1,0,16,0
2000-01-08,16,0,0,1,0,15,0
2000-01-15,23,1,1,3,0,18,0
2000-01-22,18,0,0,1,0,16,1
2000-01-29,18,1,0,0,0,16,1
2000-02-05,9,0,0,2,0,7,0
2000-02-12,7,0,0,1,0,6,0
2000-02-19,7,0,0,1,0,6,0
2000-02-26,4,0,0,0,0,4,0
2000-03-04,3,0,0,2,0,1,0
2000-03-11,2,0,0,1,0,1,0
2000-03-18,8,0,0,2,0,6,0
2000-03-25,3,0,0,0,0,3,0
2000-04-01,1,0,0,0,0,1,0
2000-04-08,1,0,0,0,0,1,0
2000-04-15,2,0,0,0,0,2,0
2000-04-22,3,0,0,0,0,2,1
2000-04-29,3,0,0,0,0,2,1
2000-05-06,2,0,0,0,0,2,0
2000-05-13,0,0,0,0,0,0,0
2000-05-20,0,0,0,0,0,0,0
2000-05-27,2,0,0,1,0,1,0
2000-06-03,2,0,0,0,0,1,1
2000-06-10,0,0,0,0,0,0,0
2000-06-17,6,0,0,1,0,3,2
2000-06-24,3,0,0,0,0,2,1
2000-07-01,6,0,0,1,0,5,0
2000-07-08,2,0,0,1,0,1,0
2000-07-15,3,0,0,0,0,3,0
2000-07-22,2,0,0,0,0,2,0
2000-07-29,4,0,0,0,0,4,0
2000-08-05,5,0,0,1,0,3,1
2000-08-12,2,0,0,1,0,1,0
2000-08-19,9,0,2,3,0,4,0
2000-08-26,2,0,0,1,0,1,0
2000-09-02,4,0,0,1,0,2,1
2000-09-09,8,0,2,2,0,3,1
2000-09-16,6,0,0,2,0,4,0
2000-09-23,3,0,0,3,0,0,0
2000-09-30,11,0,0,5,0,6,0
2000-10-07,14,0,0,3,0,8,3
2000-10-14,15,0,0,5,0,5,5
2000-10-21,20,0,0,6,0,10,4
2000-10-28,9,0,1,3,0,5,0
2000-11-04,20,0,0,7,0,11,2
2000-11-11,28,0,0,16,0,9,3
2000-11-18,38,0,1,9,0,21,7
2000-11-25,30,0,0,13,0,14,3
2000-12-02,30,0,1,11,0,16,2
2000-12-09,23,0,0,10,0,12,1
2000-12-16,16,0,0,4,0,12,0
2000-12-23,22,0,0,4,0,16,2
2001-01-01,28,0,0,10,0,16,2
2001-01-08,14,0,0,4,0,7,3
2001-01-15,17,0,0,7,0,9,1
2001-01-22,20,0,0,7,0,12,1
2001-01-29,17,0,1,6,0,9,1
2001-02-05,10,0,0,6,0,3,1
2001-02-12,13,0,0,7,0,5,1
2001-02-19,20,0,0,6,0,10,4
2001-02-26,9,0,0,2,0,6,1
2001-03-05,18,0,0,7,0,7,4
2001-03-12,9,0,1,3,0,5,0
2001-03-19,8,0,0,1,0,4,3
2001-03-26,19,0,0,2,0,14,3
2001-04-02,11,0,0,5,0,4,2
2001-04-09,4,0,0,0,0,3,1
2001-04-16,6,0,0,0,0,5,1
2001-04-23,6,0,0,2,0,4,0
2001-04-30,8,0,0,0,0,7,1
2001-05-07,13,0,3,3,0,6,1
2001-05-14,8,0,0,2,0,5,1
2001-05-21,8,0,1,1,0,5,1
2001-05-28,5,0,0,3,0,2,0
2001-06-04,16,0,0,8,0,4,4
2001-06-11,12,0,0,7,0,4,1
2001-06-18,11,0,0,5,0,4,2
2001-06-25,18,0,0,4,0,11,3
2001-07-02,10,0,1,3,0,5,1
2001-07-09,22,0,0,4,0,13,5
2001-07-16,14,0,0,2,0,12,0
2001-07-23,16,0,0,5,0,9,2
2001-07-30,18,0,0,8,0,10,0
2001-08-06,27,0,1,5,0,15,6
2001-08-13,38,0,0,4,0,28,6
2001-08-20,35,0,0,12,0,20,3
2001-08-27,41,0,1,10,0,26,4
2001-09-03,51,0,0,6,0,38,7
2001-09-10,65,0,0,10,0,45,10
2001-09-17,55,0,0,8,0,40,7
2001-09-24,54,0,2,13,0,37,2
2001-10-01,62,0,0,12,0,43,7
2001-10-08,64,0,0,7,0,51,6
2001-10-15,56,0,0,8,0,45,3
2001-10-22,65,0,1,14,0,45,5
2001-10-29,71,0,0,10,0,55,6
2001-11-05,75,0,0,13,0,57,5
2001-11-12,71,0,0,22,0,41,8
2001-11-19,72,0,3,13,0,47,9
2001-11-26,47,0,0,10,0,33,4
2001-12-03,27,0,1,10,0,11,5
2001-12-10,35,0,2,15,0,16,2
2001-12-17,25,0,2,8,0,12,3
2001-12-24,19,0,1,9,0,8,1
2002-01-01,37,0,1,12,0,22,2
2002-01-08,38,0,1,10,0,21,6
2002-01-15,34,0,0,12,0,18,4
2002-01-22,26,0,1,6,0,15,4
2002-01-29,19,0,0,6,0,10,3
2002-02-05,18,0,0,5,0,13,0
2002-02-12,22,0,0,7,0,13,2
2002-02-19,16,0,0,5,0,9,2
2002-02-26,18,0,0,5,0,10,3
2002-03-05,6,0,0,2,0,4,0
2002-03-12,12,0,0,3,0,8,1
2002-03-19,6,0,0,3,0,3,0
2002-03-26,6,0,0,2,0,4,0
2002-04-02,3,0,0,1,0,2,0
2002-04-09,7,0,0,3,0,3,1
2002-04-16,6,0,0,0,0,4,2
2002-04-23,1,0,0,0,0,1,0
2002-04-30,3,0,0,1,0,2,0
2002-05-07,2,0,0,1,0,1,0
2002-05-14,2,0,0,0,0,2,0
2002-05-21,1,0,0,0,0,1,0
2002-05-28,10,0,0,2,0,6,2
2002-06-04,3,0,0,0,0,2,1
2002-06-11,3,0,0,1,0,2,0
2002-06-18,1,0,0,0,0,1,0
2002-06-25,1,0,0,0,0,0,1
2002-07-02,2,0,0,0,0,2,0
2002-07-09,6,0,0,0,0,6,0
2002-07-16,3,0,0,3,0,0,0
2002-07-23,3,0,0,1,0,2,0
2002-07-30,5,0,0,3,0,1,1
2002-08-06,4,0,1,1,0,2,0
2002-08-13,7,0,0,1,0,6,0
2002-08-20,6,0,0,2,0,3,1
2002-08-27,5,0,0,3,0,1,1
2002-09-03,7,0,0,4,0,3,0
2002-09-10,6,0,0,4,0,2,0
2002-09-17,4,0,0,2,0,1,1
2002-09-24,4,0,0,1,0,2,1
2002-10-01,7,0,0,1,0,2,4
2002-10-08,9,0,0,1,0,8,0
2002-10-15,5,0,0,1,0,4,0
2002-10-22,5,0,0,1,0,3,1
2002-10-29,10,0,0,1,0,7,2
2002-11-05,6,0,0,2,0,4,0
2002-11-12,13,0,0,2,0,10,1
2002-11-19,6,0,0,0,0,6,0
2002-11-26,5,0,0,0,0,2,3
2002-12-03,5,0,0,2,0,3,0
2002-12-10,9,0,0,4,0,5,0
2002-12-17,3,0,0,1,0,2,0
2002-12-24,6,0,1,0,0,4,1
2003-01-01,11,0,2,1,0,8,0
2003-01-08,7,0,1,1,0,5,0
2003-01-15,7,0,0,1,0,5,1
2003-01-22,15,0,0,1,0,12,2
2003-01-29,9,0,1,1,0,7,0
2003-02-05,6,0,0,1,0,4,1
2003-02-12,6,0,0,2,0,4,0
2003-02-19,6,0,0,3,0,3,0
2003-02-26,7,0,0,2,0,5,0
2003-03-05,10,0,0,2,0,7,1
2003-03-12,8,0,0,1,0,7,0
2003-03-19,7,0,0,5,0,2,0
2003-03-26,12,0,1,2,0,7,2
2003-04-02,3,0,0,0,0,3,0
2003-04-09,2,0,0,0,0,2,0
2003-04-16,7,1,2,1,0,3,0
2003-04-23,5,0,1,2,0,2,0
2003-04-30,5,0,0,1,0,4,0
2003-05-07,7,0,0,2,0,5,0
2003-05-14,7,0,0,3,0,4,0
2003-05-21,7,0,0,2,0,5,0
2003-05-28,7,0,0,4,0,3,0
2003-06-04,10,0,0,3,0,6,1
2003-06-11,13,0,0,9,0,3,1
2003-06-18,10,0,1,4,0,5,0
2003-06-25,14,0,2,2,0,10,0
2003-07-02,11,0,0,2,0,9,0
2003-07-09,20,0,0,0,0,18,2
2003-07-16,25,0,0,0,0,22,3
2003-07-23,17,0,0,2,0,15,0
2003-07-30,18,0,0,3,0,13,2
2003-08-06,25,0,1,9,0,15,0
2003-08-13,21,0,2,5,0,13,1
2003-08-20,31,0,0,9,0,20,2
2003-08-27,32,0,2,7,0,22,1
2003-09-03,26,0,1,3,0,21,1
2003-09-10,35,0,2,5,0,25,3
2003-09-17,28,0,0,5,0,19,4
2003-09-24,37,0,2,10,0,24,1
2003-10-01,41,0,1,10,0,29,1
2003-10-08,34,0,0,6,0,26,2
2003-10-15,30,0,0,9,0,19,2
2003-10-22,39,0,0,10,0,27,2
2003-10-29,39,0,4,9,0,24,2
2003-11-05,39,0,1,4,0,27,7
2003-11-12,34,0,0,2,0,28,4
2003-11-19,30,0,0,3,0,19,8
2003-11-26,37,0,0,2,0,23,12
2003-12-03,29,0,1,6,0,17,5
2003-12-10,26,0,2,4,0,15,5
2003-12-17,15,0,2,1,0,7,5
2003-12-24,22,0,2,6,0,8,6
2004-01-01,15,0,3,2,0,8,2
2004-01-08,20,0,1,5,0,10,4
2004-01-15,14,0,1,4,0,6,3
2004-01-22,10,0,2,2,0,6,0
2004-01-29,21,0,0,6,0,14,1
2004-02-05,14,0,1,3,0,5,5
2004-02-12,14,0,0,4,0,8,2
2004-02-19,9,0,0,4,0,4,1
2004-02-26,11,0,2,4,0,5,0
2004-03-04,5,0,1,1,0,3,0
2004-03-11,6,0,2,1,0,3,0
2004-03-18,7,0,0,1,0,6,0
2004-03-25,11,0,3,3,0,5,0
2004-04-01,4,0,0,0,0,4,0
2004-04-08,3,0,1,1,0,1,0
2004-04-15,2,0,0,1,0,1,0
2004-04-22,6,0,2,1,0,2,1
2004-04-29,10,0,3,2,0,4,1
2004-05-06,7,0,1,0,0,5,1
2004-05-13,5,0,1,2,0,2,0
2004-05-20,3,0,0,0,0,3,0
2004-05-27,12,0,1,3,0,7,1
2004-06-03,13,0,1,0,0,11,1
2004-06-10,10,0,0,1,0,9,0
2004-06-17,13,0,2,3,0,6,2
2004-06-24,13,0,2,1,0,8,2
2004-07-01,8,0,0,3,0,5,0
2004-07-08,21,0,1,1,0,17,2
2004-07-15,18,0,2,1,0,15,0
2004-07-22,8,0,0,0,0,8,0
2004-07-29,7,0,1,1,0,5,0
2004-08-05,20,0,5,1,0,14,0
2004-08-12,14,0,1,1,0,12,0
2004-08-19,14,0,4,2,0,8,0
2004-08-26,7,0,3,2,0,2,0
2004-09-02,14,0,3,1,0,8,2
2004-09-09,10,0,2,1,0,7,0
2004-09-16,13,0,1,2,0,6,4
2004-09-23,27,0,4,2,0,18,3
2004-09-30,13,0,2,1,0,9,1
2004-10-07,18,0,5,2,0,10,1
2004-10-14,16,0,2,3,0,10,1
2004-10-21,16,0,4,1,0,8,3
2004-10-28,20,0,4,3,0,13,0
2004-11-04,17,0,3,2,0,11,1
2004-11-11,4,0,1,1,0,2,0
2004-11-18,15,0,3,0,0,11,1
2004-11-25,8,0,1,0,0,6,1
2004-12-02,6,0,1,0,0,5,0
2004-12-09,12,0,1,1,0,10,0
2004-12-16,15,0,2,1,0,12,0
2004-12-23,11,0,3,1,0,7,0
2005-01-01,10,0,2,2,0,5,1
2005-01-08,15,0,5,0,0,8,2
2005-01-15,17,0,2,2,0,12,1
2005-01-22,7,0,3,1,0,2,1
2005-01-29,7,0,2,1,0,4,0
2005-02-05,8,0,2,0,0,6,0
2005-02-12,9,0,3,1,0,5,0
2005-02-19,12,0,1,0,0,10,1
2005-02-26,12,0,2,0,0,9,1
2005-03-05,5,0,1,0,0,4,0
2005-03-12,4,0,1,1,0,2,0
2005-03-19,11,0,1,0,0,8,2
2005-03-26,4,0,1,0,0,3,0
2005-04-02,5,0,1,0,0,3,1
2005-04-09,7,0,3,0,0,4,0
2005-04-16,1,0,0,0,0,1,0
2005-04-23,1,0,1,0,0,0,0
2005-04-30,4,0,2,0,0,2,0
2005-05-07,2,0,0,0,0,1,1
2005-05-14,6,0,3,0,0,2,1
2005-05-21,3,0,0,0,0,3,0
2005-05-28,4,0,1,0,0,3,0
2005-06-04,10,0,3,1,0,6,0
2005-06-11,12,0,3,0,0,9,0
2005-06-18,21,0,6,1,0,13,1
2005-06-25,26,0,8,0,0,15,3
2005-07-02,21,0,6,1,0,13,1
2005-07-09,30,0,6,0,0,21,3
2005-07-16,45,0,5,0,0,37,3
2005-07-23,56,0,5,1,0,45,5
2005-07-30,75,0,9,2,0,60,4
2005-08-06,83,0,20,1,0,58,4
2005-08-13,82,0,12,2,0,60,8
2005-08-20,126,0,13,3,0,93,17
2005-08-27,119,0,17,1,0,80,21
2005-09-03,137,0,20,7,0,92,18
2005-09-10,131,0,30,3,0,88,10
2005-09-17,112,0,27,2,0,71,12
2005-09-24,82,0,14,6,0,54,8
2005-10-01,73,0,15,2,0,53,3
2005-10-08,43,0,7,2,0,33,1
2005-10-15,55,0,9,2,0,44,0
2005-10-22,55,0,16,4,1,32,2
2005-10-29,53,0,8,4,0,39,2
2005-11-05,46,0,9,0,0,34,3
2005-11-12,43,0,8,0,0,28,7
2005-11-19,29,0,4,0,0,25,0
2005-11-26,22,0,8,2,0,12,0
2005-12-03,26,0,12,1,0,11,2
2005-12-10,13,0,6,0,0,7,0
2005-12-17,17,0,10,1,0,6,0
2005-12-24,8,0,3,0,0,5,0
2006-01-01,13,0,4,1,0,8,0
2006-01-08,10,0,3,0,0,7,0
2006-01-15,17,0,8,0,0,8,1
2006-01-22,19,0,11,2,0,6,0
2006-01-29,9,0,4,1,0,4,0
2006-02-05,9,0,3,1,0,4,1
2006-02-12,9,0,4,1,0,4,0
2006-02-19,3,0,2,1,0,0,0
2006-02-26,7,0,6,0,0,0,1
2006-03-05,7,0,2,2,0,3,0
2006-03-12,0,0,0,0,0,0,0
2006-03-19,2,0,0,0,0,1,1
2006-03-26,3,0,1,1,0,1,0
2006-04-02,3,0,2,0,0,1,0
2006-04-09,1,0,0,1,0,0,0
2006-04-16,3,0,1,0,0,2,0
2006-04-23,3,0,2,0,0,1,0
2006-04-30,3,0,2,0,0,1,0
2006-05-07,7,0,2,0,0,4,1
2006-05-14,3,0,1,0,0,2,0
2006-05-21,5,0,1,0,0,3,1
2006-05-28,11,0,3,2,0,5,1
2006-06-04,5,0,1,0,0,4,0
2006-06-11,5,0,1,0,0,4,0
2006-06-18,6,0,3,1,0,2,0
2006-06-25,6,0,2,1,0,3,0
2006-07-02,4,0,0,0,0,4,0
2006-07-09,4,0,3,0,0,1,0
2006-07-16,8,0,2,0,0,6,0
2006-07-23,14,0,6,4,0,4,0
2006-07-30,12,0,3,3,0,6,0
2006-08-06,16,0,7,0,0,8,1
2006-08-13,10,0,2,0,0,8,0
2006-08-20,16,0,5,3,0,8,0
2006-08-27,18,0,4,5,0,7,2
2006-09-03,15,0,5,1,1,6,2
2006-09-10,23,0,3,7,0,12,1
2006-09-17,17,0,7,4,0,6,0
2006-09-24,33,0,12,6,0,13,2
2006-10-01,15,0,4,3,0,8,0
2006-10-08,13,0,4,5,0,3,1
2006-10-15,11,0,5,2,0,4,0
2006-10-22,14,1,6,2,0,4,1
2006-10-29,17,0,1,5,0,11,0
2006-11-05,19,0,5,5,0,8,1
2006-11-12,20,0,5,4,1,9,1
2006-11-19,12,0,4,1,0,7,0
2006-11-26,21,0,6,6,0,9,0
2006-12-03,7,0,3,3,0,1,0
2006-12-10,19,0,2,6,0,10,1
2006-12-17,10,0,2,4,0,2,2
2006-12-24,13,0,2,5,0,5,1
2007-01-01,10,0,1,5,0,4,0
2007-01-08,8,0,1,2,0,3,2
2007-01-15,21,0,3,6,0,10,2
2007-01-22,11,0,5,1,1,3,1
2007-01-29,9,0,2,2,0,4,1
2007-02-05,14,0,4,5,0,5,0
2007-02-12,14,0,6,4,0,4,0
2007-02-19,15,0,3,7,0,5,0
2007-02-26,18,0,4,8,0,5,1
2007-03-05,16,0,3,7,0,6,0
2007-03-12,12,0,5,0,0,6,1
2007-03-19,20,0,7,4,0,8,1
2007-03-26,8,0,3,1,0,4,0
2007-04-02,3,0,0,1,0,2,0
2007-04-09,13,0,2,2,0,8,1
2007-04-16,4,0,1,1,0,2,0
2007-04-23,1,0,0,0,0,1,0
2007-04-30,10,0,6,0,0,4,0
2007-05-07,8,0,3,3,0,2,0
2007-05-14,13,0,0,6,0,7,0
2007-05-21,10,0,0,4,0,6,0
2007-05-28,21,0,1,13,0,6,1
2007-06-04,18,0,3,7,0,7,1
2007-06-11,21,0,4,7,0,9,1
2007-06-18,34,0,6,13,0,12,3
2007-06-25,25,0,4,4,1,13,3
2007-07-02,34,2,3,9,0,18,2
2007-07-09,33,1,6,11,1,11,3
2007-07-16,40,2,7,21,0,9,1
2007-07-23,42,5,10,20,0,6,1
2007-07-30,36,0,3,23,0,7,3
2007-08-06,72,2,9,35,0,23,3
2007-08-13,75,8,14,28,2,21,2
2007-08-20,76,5,14,34,3,19,1
2007-08-27,92,7,6,53,5,16,5
2007-09-03,71,6,14,34,1,12,4
2007-09-10,112,10,13,58,1,26,4
2007-09-17,106,9,6,52,0,37,2
2007-09-24,101,6,15,48,1,27,4
2007-10-01,170,13,23,74,3,45,12
2007-10-08,135,7,19,59,0,45,5
2007-10-15,106,10,13,41,0,37,5
2007-10-22,68,7,6,25,3,20,7
2007-10-29,48,2,4,8,0,29,5
2007-11-05,48,2,5,27,0,12,2
2007-11-12,26,0,0,9,0,15,2
2007-11-19,33,1,2,8,0,17,5
2007-11-26,29,3,0,10,0,16,0
2007-12-03,17,1,1,4,0,11,0
2007-12-10,12,0,0,1,0,10,1
2007-12-17,13,2,0,1,1,9,0
2007-12-24,17,1,0,1,1,12,2
2008-01-01,15,0,2,2,0,11,0
2008-01-08,14,1,1,6,0,6,0
2008-01-15,15,2,0,5,0,8,0
2008-01-22,10,1,0,6,0,3,0
2008-01-29,9,1,0,2,0,6,0
2008-02-05,2,1,0,0,0,1,0
2008-02-12,6,1,0,1,0,4,0
2008-02-19,8,1,0,1,0,6,0
2008-02-26,5,1,0,1,0,3,0
2008-03-04,1,1,0,0,0,0,0
2008-03-11,2,1,0,0,0,1,0
2008-03-18,3,0,0,2,0,1,0
2008-03-25,4,0,1,1,0,2,0
2008-04-01,3,0,0,0,0,2,1
2008-04-08,1,0,0,0,0,1,0
2008-04-15,3,0,1,2,0,0,0
2008-04-22,5,2,0,1,0,2,0
2008-04-29,2,0,0,1,0,1,0
2008-05-06,3,1,0,0,0,2,0
2008-05-13,2,0,0,0,0,2,0
2008-05-20,3,1,0,0,0,2,0
2008-05-27,2,1,0,0,0,1,0
2008-06-03,2,0,0,0,0,2,0
2008-06-10,3,0,1,1,0,1,0
2008-06-17,4,0,0,2,0,2,0
2008-06-24,3,0,0,0,0,3,0
2008-07-01,4,2,0,1,0,1,0
2008-07-08,4,0,0,1,0,3,0
2008-07-15,4,3,0,1,0,0,0
2008-07-22,7,2,0,0,0,5,0
2008-07-29,6,1,1,1,0,3,0
2008-08-05,15,3,0,2,0,10,0
2008-08-12,11,3,1,0,0,7,0
2008-08-19,9,1,1,0,1,6,0
2008-08-26,9,1,0,1,0,7,0
2008-09-02,12,3,0,2,0,7,0
2008-09-09,13,3,0,4,0,6,0
2008-09-16,13,1,0,1,0,11,0
2008-09-23,13,1,0,1,0,11,0
2008-09-30,20,3,1,3,0,12,1
2008-10-07,28,9,2,1,0,16,0
2008-10-14,45,17,2,2,0,24,0
2008-10-21,28,9,5,2,0,12,0
2008-10-28,34,9,1,4,1,19,0
2008-11-04,41,11,2,4,0,24,0
2008-11-11,36,19,1,1,0,13,2
2008-11-18,38,19,5,2,0,12,0
2008-11-25,48,26,1,2,0,19,0
2008-12-02,27,13,1,1,1,11,0
2008-12-09,23,14,1,1,0,6,1
2008-12-16,28,13,3,2,0,10,0
2008-12-23,42,20,3,0,0,19,0
2009-01-01,30,15,0,2,0,13,0
2009-01-08,18,10,0,0,0,8,0
2009-01-15,38,25,1,0,0,12,0
2009-01-22,28,16,1,1,0,10,0
2009-01-29,36,21,1,1,0,13,0
2009-02-05,44,27,2,0,0,15,0
2009-02-12,41,27,1,0,0,13,0
2009-02-19,35,21,1,0,1,12,0
2009-02-26,28,13,0,0,0,15,0
2009-03-05,28,16,1,0,0,11,0
2009-03-12,22,12,0,0,0,10,0
2009-03-19,26,14,0,0,0,12,0
2009-03-26,24,11,0,0,0,13,0
2009-04-02,9,4,0,0,1,4,0
2009-04-09,21,13,0,0,1,7,0
2009-04-16,10,7,0,0,0,3,0
2009-04-23,15,11,0,0,1,3,0
